id,source,videoId,seedQuery,title,channelTitle,durationMin,category,intensity,url,ingestedAt
youtube_u0vYWzcAeKE,youtube,u0vYWzcAeKE,forest night sounds sleep,"Forest Night Sounds , Sleep Ambience",Acerting Art - Topic,20,nature,0.12,https://www.youtube.com/watch?v=u0vYWzcAeKE,2026-02-09T21:44:24.865836+00:00
youtube_dIdkB9h2s7M,youtube,dIdkB9h2s7M,fireplace crackling sleep,Fireplace Sounds with Crackling & Hissing: One Hour (Loopable),Stardust Vibes - Topic,60,nature,0.3,https://www.youtube.com/watch?v=dIdkB9h2s7M,2026-02-09T21:44:25.135663+00:00
youtube_PLowvaeaz7w,youtube,PLowvaeaz7w,pink noise sleep,Pink Noise for Sleep | 30 Minutes Dark Background | by AcousticSheep LLC,SleepPhones,31,noise,0.12,https://www.youtube.com/watch?v=PLowvaeaz7w,2026-02-09T21:44:25.777969+00:00
youtube_BqGoN40VPhE,youtube,BqGoN40VPhE,pink noise sleep,Pink Noise for Baby Sleep (1 Hour),Chill Machine - Topic,60,noise,0.18,https://www.youtube.com/watch?v=BqGoN40VPhE,2026-02-09T21:44:25.778033+00:00
youtube_sPielvF_bEc,youtube,sPielvF_bEc,pink noise sleep,Pink Noise 250 Hertz - One Hour (Loopable with No Fade),Best Noise - Topic,60,noise,0.18,https://www.youtube.com/watch?v=sPielvF_bEc,2026-02-09T21:44:25.778069+00:00
youtube_32q9rlK1q3s,youtube,32q9rlK1q3s,guided sleep meditation 10 minutes,Sleep in Ten Minutes (Guided Meditation),Great Meditation,11,meditation,0.12,https://www.youtube.com/watch?v=32q9rlK1q3s,2026-02-09T21:44:25.778169+00:00
youtube_LWGSwfchz_A,youtube,LWGSwfchz_A,guided sleep meditation 10 minutes,10-Minute Guided Sleep Meditation | SELF,SELF,10,meditation,0.12,https://www.youtube.com/watch?v=LWGSwfchz_A,2026-02-09T21:44:25.778204+00:00
youtube_GXxweu9UgBI,youtube,GXxweu9UgBI,guided sleep meditation 10 minutes,Guided Sleep Meditation 10 Minutes Before You Sleep,Great Meditation,11,meditation,0.12,https://www.youtube.com/watch?v=GXxweu9UgBI,2026-02-09T21:44:25.778224+00:00
youtube_aZoZguD_UwE,youtube,aZoZguD_UwE,guided sleep meditation 10 minutes,10 Minute Guided Sleep Meditation (female voice),Great Meditation,11,meditation,0.12,https://www.youtube.com/watch?v=aZoZguD_UwE,2026-02-09T21:44:25.778246+00:00
youtube_aEqlQvczMJQ,youtube,aEqlQvczMJQ,guided sleep meditation 10 minutes,10-Minute Meditation For Sleep | Goodful,Goodful,11,meditation,0.52,https://www.youtube.com/watch?v=aEqlQvczMJQ,2026-02-09T21:44:25.778277+00:00
youtube_yGkbufhm5lw,youtube,yGkbufhm5lw,guided sleep meditation 10 minutes,10 Minutes Before Sleep (Guided Meditation),Great Meditation,11,meditation,0.12,https://www.youtube.com/watch?v=yGkbufhm5lw,2026-02-09T21:44:25.778308+00:00
youtube_bG3AcN-XOrw,youtube,bG3AcN-XOrw,guided sleep meditation 10 minutes,10 Min Guided Meditation For Sleep & Relaxation | Fall Asleep Fast With Soothing Rain Sounds,Boho Beautiful Yoga,13,meditation,0.12,https://www.youtube.com/watch?v=bG3AcN-XOrw,2026-02-09T21:44:25.778385+00:00
youtube_GM2nK-n5Sn8,youtube,GM2nK-n5Sn8,guided sleep meditation 10 minutes,10 Minute Sleep Meditation ❤️ Fall Asleep Fast,Jessica Heslop - Manifest by Jess,11,meditation,0.12,https://www.youtube.com/watch?v=GM2nK-n5Sn8,2026-02-09T21:44:25.959477+00:00
youtube_ZgPHetPG4MY,youtube,ZgPHetPG4MY,guided sleep meditation 10 minutes,10 Minute Meditation for Before You Sleep,Great Meditation,10,meditation,0.12,https://www.youtube.com/watch?v=ZgPHetPG4MY,2026-02-09T21:44:25.959519+00:00
youtube_HMOfD3VSbQ4,youtube,HMOfD3VSbQ4,guided sleep meditation 10 minutes,10 Minute Sleep Meditation A Guided Talk Down Body Scan,Great Meditation,11,meditation,0.12,https://www.youtube.com/watch?v=HMOfD3VSbQ4,2026-02-09T21:44:25.959545+00:00
youtube_vZNUswv5Fng,youtube,vZNUswv5Fng,guided sleep meditation 10 minutes,"Fall Asleep in Under 10 Minutes - Guided sleep, Insomnia",The Honest Guys - Meditations - Relaxation,11,meditation,0.12,https://www.youtube.com/watch?v=vZNUswv5Fng,2026-02-09T21:44:25.959598+00:00
youtube_VHDf8c5vJLg,youtube,VHDf8c5vJLg,guided sleep meditation 10 minutes,10 Minute Sleep Meditation with Positive Messages,Great Meditation,12,meditation,0.12,https://www.youtube.com/watch?v=VHDf8c5vJLg,2026-02-09T21:44:25.959622+00:00
youtube_G1TD2uVdotM,youtube,G1TD2uVdotM,guided sleep meditation 10 minutes,Short Guided Meditation: Release All Negative Energy & Worries By Jason Stephenson (10 minutes),Jason Stephenson - Guided Sleep Meditation ,11,meditation,0.12,https://www.youtube.com/watch?v=G1TD2uVdotM,2026-02-09T21:44:25.959693+00:00
youtube_r8urDUqqot8,youtube,r8urDUqqot8,guided sleep meditation 10 minutes,Fall Asleep in 10 Minutes Guided Meditation,Great Meditation,11,meditation,0.12,https://www.youtube.com/watch?v=r8urDUqqot8,2026-02-09T21:44:25.959718+00:00
youtube_W4ujD0NI0m8,youtube,W4ujD0NI0m8,guided sleep meditation 10 minutes,A Healing Sleep Guided Meditation,Great Meditation,12,meditation,0.12,https://www.youtube.com/watch?v=W4ujD0NI0m8,2026-02-09T21:44:25.959738+00:00
youtube_b1hShI4wzhA,youtube,b1hShI4wzhA,guided sleep meditation 10 minutes,Sleep in Just 10 Minutes ~ Guided Meditation for Better Sleep,Great Meditation,11,meditation,0.12,https://www.youtube.com/watch?v=b1hShI4wzhA,2026-02-09T21:44:25.959757+00:00
youtube_YdDv_0kwsb8,youtube,YdDv_0kwsb8,guided sleep meditation 10 minutes,10 Minute Sleep Meditation,Great Meditation,11,meditation,0.12,https://www.youtube.com/watch?v=YdDv_0kwsb8,2026-02-09T21:44:25.959780+00:00
youtube_yU4LxOcY5w8,youtube,yU4LxOcY5w8,guided sleep meditation 10 minutes,"Sleep Meditation, A Time For Rest and Healing",Great Meditation,12,meditation,0.12,https://www.youtube.com/watch?v=yU4LxOcY5w8,2026-02-09T21:44:25.959813+00:00
youtube_49SKdW0w4KM,youtube,49SKdW0w4KM,guided sleep meditation 10 minutes,Fall Asleep in Under 10 Minutes (Sleep Meditation Talk-Down),The Honest Guys - Meditations - Relaxation,12,meditation,0.12,https://www.youtube.com/watch?v=49SKdW0w4KM,2026-02-09T21:44:25.959871+00:00
youtube_WnUlGlUGV7E,youtube,WnUlGlUGV7E,guided sleep meditation 10 minutes,Short Sleep Meditation: Fall Deeply Asleep in 10 Minutes,My Peace Of Mindfulness (Guided Meditation),12,meditation,0.12,https://www.youtube.com/watch?v=WnUlGlUGV7E,2026-02-09T21:44:25.959997+00:00
youtube_mcirj0OmRHE,youtube,mcirj0OmRHE,guided sleep meditation 10 minutes,Sleep... 10 Minute  Guided Meditation,Great Meditation,12,meditation,0.12,https://www.youtube.com/watch?v=mcirj0OmRHE,2026-02-09T21:44:25.960016+00:00
youtube_9MDSem8xQ-8,youtube,9MDSem8xQ-8,guided sleep meditation 10 minutes,Female Voice Guided Sleep Meditation 10 Minutes into a Deep Restful Sleep,Great Meditation,11,meditation,0.12,https://www.youtube.com/watch?v=9MDSem8xQ-8,2026-02-09T21:44:25.960046+00:00
youtube_16rLKV9HZ2c,youtube,16rLKV9HZ2c,guided sleep meditation 10 minutes,10 Minute Guided Meditation for Sleep,Guided Meditation - Topic,10,meditation,0.12,https://www.youtube.com/watch?v=16rLKV9HZ2c,2026-02-09T21:44:25.960070+00:00
youtube_rCEzIvrrHA4,youtube,rCEzIvrrHA4,guided sleep meditation 10 minutes,"Sleep Meditation, Drifting Away in Just Ten Minutes",Great Meditation,11,meditation,0.12,https://www.youtube.com/watch?v=rCEzIvrrHA4,2026-02-09T21:44:25.960088+00:00
youtube_YqZJRKLgguo,youtube,YqZJRKLgguo,guided sleep meditation 10 minutes,10 Min Insomnia Meditation To Fall Asleep FAST | End Your Day Perfectly,Boho Beautiful Meditation,11,meditation,0.12,https://www.youtube.com/watch?v=YqZJRKLgguo,2026-02-09T21:44:25.960144+00:00
youtube_kPtVGqaMJAk,youtube,kPtVGqaMJAk,body scan sleep meditation,Guided Body Scan Meditation for Sleep,Declutter The Mind,31,meditation,0.12,https://www.youtube.com/watch?v=kPtVGqaMJAk,2026-02-09T21:44:25.960188+00:00
youtube_zegbbANEJgY,youtube,zegbbANEJgY,body scan sleep meditation,Release All Tension and Sleep Peacefully By The Sea 💤Body Scan Guided Meditation For Sleep,Generation Calm,32,meditation,0.52,https://www.youtube.com/watch?v=zegbbANEJgY,2026-02-09T21:44:25.960284+00:00
youtube_QYl4rF2PA7A,youtube,QYl4rF2PA7A,body scan sleep meditation,"Deep Sleep Guided Meditation, Body Scan to Ease Tension Release Negativity (with Rainfall)",Jason Stephenson - Guided Sleep Meditation ,39,meditation,0.12,https://www.youtube.com/watch?v=QYl4rF2PA7A,2026-02-09T21:44:25.960341+00:00
youtube_rkp8R-HlTYk,youtube,rkp8R-HlTYk,body scan sleep meditation,Guided meditation Body scan for sleep and deep relaxation,Meditation Vacation,39,meditation,0.12,https://www.youtube.com/watch?v=rkp8R-HlTYk,2026-02-09T21:44:25.960388+00:00
youtube_5QwvVQNNn74,youtube,5QwvVQNNn74,body scan sleep meditation,"Guided Meditation for Sleep, Body Scan Relaxation, The Peace Filled Thunderstorm",Meditation Vacation,43,meditation,0.12,https://www.youtube.com/watch?v=5QwvVQNNn74,2026-02-09T21:44:25.960423+00:00
youtube_n4F55PPwC-U,youtube,n4F55PPwC-U,body scan sleep meditation,Guided Meditation for Sleep - Body Scan,One Mind Dharma,17,meditation,0.12,https://www.youtube.com/watch?v=n4F55PPwC-U,2026-02-09T21:44:25.960463+00:00
youtube_hgT5eAQX88Y,youtube,hgT5eAQX88Y,body scan sleep meditation,"20 Minute Guided Meditation Body Scan 🌕 ( Relaxation, Anxiety, Stress, Insomnia, Sleep )",Yoga With Bird,23,meditation,0.12,https://www.youtube.com/watch?v=hgT5eAQX88Y,2026-02-09T21:44:25.960588+00:00
youtube_oKAu2hfkA7Y,youtube,oKAu2hfkA7Y,body scan sleep meditation,"Guided Sleep Meditation | Body Scan, Relaxing Visualization & Binaural Beats",Paradigm Yoga,60,meditation,0.12,https://www.youtube.com/watch?v=oKAu2hfkA7Y,2026-02-09T21:44:25.960659+00:00
youtube_u4gZgnCy5ew,youtube,u4gZgnCy5ew,body scan sleep meditation,Jon Kabat Zinn   Body Scan Meditation   GUIDED MEDITATION,People in Pain Network,46,meditation,0.24,https://www.youtube.com/watch?v=u4gZgnCy5ew,2026-02-09T21:44:25.960676+00:00
youtube_T5QoAXGSl_k,youtube,T5QoAXGSl_k,body scan sleep meditation,Guided Body Scan Meditation for Sleep and Relaxation | Dana-Farber Zakim Center Remote Programming,Dana-Farber Cancer Institute,17,meditation,0.12,https://www.youtube.com/watch?v=T5QoAXGSl_k,2026-02-09T21:44:25.960717+00:00
youtube_MjAIgseGY6A,youtube,MjAIgseGY6A,body scan sleep meditation,Body Scan with Soothing Singing Bowls for Sleep and Deep Rest,Caroline McCready,38,meditation,0.12,https://www.youtube.com/watch?v=MjAIgseGY6A,2026-02-09T21:44:25.960823+00:00
youtube_NUPmQTKu134,youtube,NUPmQTKu134,body scan sleep meditation,Enjoy 20 Minutes of Body Scan Guided Meditation for Total Relaxation,Generation Calm,31,meditation,0.52,https://www.youtube.com/watch?v=NUPmQTKu134,2026-02-09T21:44:25.960920+00:00
youtube_4wEDoKm40Yc,youtube,4wEDoKm40Yc,breathing exercise for sleep,Equal Breathing Exercise for Sleep,Fitbit,20,meditation,0.12,https://www.youtube.com/watch?v=4wEDoKm40Yc,2026-02-09T21:44:25.960947+00:00
youtube_j-1n3KJR1I8,youtube,j-1n3KJR1I8,breathing exercise for sleep,Breathing Exercises to Relax or Fall Asleep Fast | 478 Mindfulness Breathing | TAKE A DEEP BREATH,Mike Maher | TAKE A DEEP BREATH,6,meditation,0.12,https://www.youtube.com/watch?v=j-1n3KJR1I8,2026-02-09T21:44:25.961009+00:00
youtube_bvteZtPrE90,youtube,bvteZtPrE90,breathing exercise for sleep,Breathwork for Deep and Restful Sleep - Simple Breathing Exercise to Help You Relax,Kirsten McCormick,11,meditation,0.12,https://www.youtube.com/watch?v=bvteZtPrE90,2026-02-09T21:44:25.961036+00:00
youtube_1G2he0jYOl0,youtube,1G2he0jYOl0,breathing exercise for sleep,Breathing Into Sleep - Fall Asleep Fast,Ally Boothroyd | Sarovara Yoga,31,meditation,0.12,https://www.youtube.com/watch?v=1G2he0jYOl0,2026-02-09T21:44:25.961082+00:00
youtube_qfKAipubsjY,youtube,qfKAipubsjY,breathing exercise for sleep,Guided Breathing Exercise for Better Sleep,Dr. Ramdesh - Topic,14,meditation,0.12,https://www.youtube.com/watch?v=qfKAipubsjY,2026-02-09T21:44:25.961114+00:00
youtube_qV3hccsqqKM,youtube,qV3hccsqqKM,breathing exercise for sleep,Fall Asleep Faster with the 4-7-8 Breathing Technique,AskDoctorJo,4,meditation,0.12,https://www.youtube.com/watch?v=qV3hccsqqKM,2026-02-09T21:44:25.961204+00:00
youtube_jWXkDny18to,youtube,jWXkDny18to,breathing exercise for sleep,Breathing Routine To Help Fall Asleep I 1 Minute Breath Holds,Breathe With Sandy,17,meditation,0.12,https://www.youtube.com/watch?v=jWXkDny18to,2026-02-09T21:44:26.232459+00:00
youtube_0BNejY1e9ik,youtube,0BNejY1e9ik,breathing exercise for sleep,Wim Hof Method Guided Breathing for Beginners (3 Rounds Slow Pace),Wim Hof,11,meditation,0.24,https://www.youtube.com/watch?v=0BNejY1e9ik,2026-02-09T21:44:26.232524+00:00
youtube_PlK90dL2J9E,youtube,PlK90dL2J9E,breathing exercise for sleep,A Simple Breathing Exercise to Help You Sleep Easier,Oxygen Advantage®,3,meditation,0.12,https://www.youtube.com/watch?v=PlK90dL2J9E,2026-02-09T21:44:26.232554+00:00
youtube_IumIKwyx8pg,youtube,IumIKwyx8pg,breathing exercise for sleep,4-7-8 Calm Breathing Exercise I 5 Minute Guided Breathwork to Relax or Fall Asleep Fast,Breathe With Sandy,6,meditation,0.12,https://www.youtube.com/watch?v=IumIKwyx8pg,2026-02-09T21:44:26.232597+00:00
youtube_LiUnFJ8P4gM,youtube,LiUnFJ8P4gM,breathing exercise for sleep,4-7-8 Calm Breathing Exercise | 10 Minutes of Deep Relaxation | Anxiety Relief | Pranayama Exercise,Hands-On Meditation,11,meditation,0.12,https://www.youtube.com/watch?v=LiUnFJ8P4gM,2026-02-09T21:44:26.232642+00:00
youtube_7Ep5mKuRmAA,youtube,7Ep5mKuRmAA,breathing exercise for sleep,Belly breathing exercise: Calming the body and mind,Indiana University School of Medicine,9,meditation,0.24,https://www.youtube.com/watch?v=7Ep5mKuRmAA,2026-02-09T21:44:26.232660+00:00
youtube_7tEaid0w19U,youtube,7tEaid0w19U,breathing exercise for sleep,I Tried One Breathing Exercise and Slept Better Instantly!,"Dylan Petkus, MD, MPH, MS | Not Licensed by Choice",2,meditation,0.12,https://www.youtube.com/watch?v=7tEaid0w19U,2026-02-09T21:44:26.232679+00:00
youtube_l3U-kRy-pgk,youtube,l3U-kRy-pgk,breathing exercise for sleep,Shortest Way to Reset Your Breathing for Sleep Apnea,"Dylan Petkus, MD, MPH, MS | Not Licensed by Choice",2,meditation,0.12,https://www.youtube.com/watch?v=l3U-kRy-pgk,2026-02-09T21:44:26.232690+00:00
youtube_8qOMTqedPrk,youtube,8qOMTqedPrk,breathing exercise for sleep,3 breathing exercises for better health with James Nestor | BBC Maestro,BBC Maestro,14,meditation,0.12,https://www.youtube.com/watch?v=8qOMTqedPrk,2026-02-09T21:44:26.232703+00:00
youtube_lEzaFx8k7Ew,youtube,lEzaFx8k7Ew,breathing exercise for sleep,4-7-8 Calm Breathing Exercise | 15 Minutes of Deep Relaxation | Anxiety Relief | Pranayama Exercise,Hands-On Meditation,16,meditation,0.12,https://www.youtube.com/watch?v=lEzaFx8k7Ew,2026-02-09T21:44:26.232743+00:00
youtube_7C2RqyKdn7k,youtube,7C2RqyKdn7k,breathing exercise for sleep,10-Minute Breathing Exercises for DEEP SLEEP | Pranayama Yoga | Saurabh Bothra Yoga,Saurabh Bothra,11,meditation,0.12,https://www.youtube.com/watch?v=7C2RqyKdn7k,2026-02-09T21:44:26.232791+00:00
youtube_2K4T9HmEhWE,youtube,2K4T9HmEhWE,5 minute sleep meditation,5 Minute Meditation Before Sleep,Great Meditation,6,meditation,0.12,https://www.youtube.com/watch?v=2K4T9HmEhWE,2026-02-09T21:44:26.232801+00:00
youtube_HlPZCqyIwV8,youtube,HlPZCqyIwV8,5 minute sleep meditation,Listen to this 5 Minute Meditation Before You Sleep,Great Meditation,7,meditation,0.12,https://www.youtube.com/watch?v=HlPZCqyIwV8,2026-02-09T21:44:26.232808+00:00
youtube_hNXq7zVrJU8,youtube,hNXq7zVrJU8,5 minute sleep meditation,5 minute meditation for sleep,Great Meditation,6,meditation,0.12,https://www.youtube.com/watch?v=hNXq7zVrJU8,2026-02-09T21:44:26.232818+00:00
youtube_ciOInp7Ymps,youtube,ciOInp7Ymps,5 minute sleep meditation,5 minute sleep meditation for a perfect nights sleep,5 Minutes by Great Meditation,6,meditation,0.12,https://www.youtube.com/watch?v=ciOInp7Ymps,2026-02-09T21:44:26.232831+00:00
youtube_XzZ2Mo92iec,youtube,XzZ2Mo92iec,5 minute sleep meditation,5 min Guided Bedtime Meditation for Sleep,SarahBethYoga,6,meditation,0.12,https://www.youtube.com/watch?v=XzZ2Mo92iec,2026-02-09T21:44:26.232872+00:00
youtube_1thzx1kzvgc,youtube,1thzx1kzvgc,5 minute sleep meditation,"5 Minute SLEEP Meditation Guided for a Deep, Restful Sleep",Bob Baker Affirmations,6,meditation,0.12,https://www.youtube.com/watch?v=1thzx1kzvgc,2026-02-09T21:44:26.232914+00:00
youtube_vqCMHoxGTmQ,youtube,vqCMHoxGTmQ,5 minute sleep meditation,Before You Sleep 5 Minute Meditation,Great Meditation,6,meditation,0.12,https://www.youtube.com/watch?v=vqCMHoxGTmQ,2026-02-09T21:44:26.232930+00:00
youtube_2ZE3gryDYpg,youtube,2ZE3gryDYpg,5 minute sleep meditation,5 Minute Sleep Meditation,5 Minutes by Great Meditation,6,meditation,0.12,https://www.youtube.com/watch?v=2ZE3gryDYpg,2026-02-09T21:44:26.232941+00:00
youtube_WyNFkQLvgE8,youtube,WyNFkQLvgE8,5 minute sleep meditation,5-Minute Bedtime Meditation for Better Sleep,Livongo by Teladoc Health,6,meditation,0.12,https://www.youtube.com/watch?v=WyNFkQLvgE8,2026-02-09T21:44:26.232946+00:00
youtube_eDd_Jq1o-ig,youtube,eDd_Jq1o-ig,5 minute sleep meditation,5 Minutes before you Sleep Guided Meditation to End Your Day,Great Meditation,6,meditation,0.12,https://www.youtube.com/watch?v=eDd_Jq1o-ig,2026-02-09T21:44:26.232954+00:00
youtube_LDuqik4HWMI,youtube,LDuqik4HWMI,5 minute sleep meditation,5 Minutes Before Sleep Guided Meditation,5 Minutes by Great Meditation,6,meditation,0.12,https://www.youtube.com/watch?v=LDuqik4HWMI,2026-02-09T21:44:26.232968+00:00
youtube_lSEG9zedFSQ,youtube,lSEG9zedFSQ,5 minute sleep meditation,You are going to Have the Best Night's Sleep: Guided Meditation,5 Minutes by Great Meditation,6,meditation,0.12,https://www.youtube.com/watch?v=lSEG9zedFSQ,2026-02-09T21:44:26.232980+00:00
youtube_XD_CQKsRbog,youtube,XD_CQKsRbog,5 minute sleep meditation,Guided Sleep Meditation (5 Minutes) No Music,Declutter The Mind,8,meditation,0.12,https://www.youtube.com/watch?v=XD_CQKsRbog,2026-02-09T21:44:26.232988+00:00
youtube__fcDY_o8rfA,youtube,_fcDY_o8rfA,5 minute sleep meditation,Try this 5 Minutes Right Before you Sleep (Guided Meditation),Great Meditation,6,meditation,0.12,https://www.youtube.com/watch?v=_fcDY_o8rfA,2026-02-09T21:44:26.232995+00:00
youtube_teqhGPYK_8w,youtube,teqhGPYK_8w,5 minute sleep meditation,FIVE MINUTES TO A DEEP RESTFUL SLEEP Guided sleep meditation,Lauren Ostrowski Fenton,6,meditation,0.12,https://www.youtube.com/watch?v=teqhGPYK_8w,2026-02-09T21:44:26.233035+00:00
youtube_LUJBIAYlqak,youtube,LUJBIAYlqak,5 minute sleep meditation,5 Minute GUIDED SLEEP MEDITATION | Calming Bedtime BODY SCAN | Short Mini-Meditation,Raeven,6,meditation,0.12,https://www.youtube.com/watch?v=LUJBIAYlqak,2026-02-09T21:44:26.233047+00:00
youtube_3RxXiFgkxGc,youtube,3RxXiFgkxGc,5 minute sleep meditation,POSITIVE MIND in 5 Minutes Meditation,Jason Stephenson - Guided Sleep Meditation ,6,meditation,0.12,https://www.youtube.com/watch?v=3RxXiFgkxGc,2026-02-09T21:44:26.233073+00:00
youtube_0ItYBQK2yHw,youtube,0ItYBQK2yHw,5 minute sleep meditation,5 min Guided Evening Meditation with Positive Affirmations,Yoga with Kassandra,8,meditation,0.12,https://www.youtube.com/watch?v=0ItYBQK2yHw,2026-02-09T21:44:26.233116+00:00
youtube_RyGKkD07iME,youtube,RyGKkD07iME,5 minute sleep meditation,5 Min Meditation Before Bed (to sleep),Brandon Epstein | High-Performance Mental Coach,6,meditation,0.12,https://www.youtube.com/watch?v=RyGKkD07iME,2026-02-09T21:44:26.233127+00:00
youtube_p7Rfz3M0hIo,youtube,p7Rfz3M0hIo,5 minute sleep meditation,5-Minute Meditation For Anxiety,Goodful,7,meditation,0.64,https://www.youtube.com/watch?v=p7Rfz3M0hIo,2026-02-09T21:44:26.233147+00:00
youtube_L1QOh-n-eus,youtube,L1QOh-n-eus,5 minute sleep meditation,5 Minute Stress Relief Guided Meditation,The Honest Guys - Meditations - Relaxation,6,meditation,0.12,https://www.youtube.com/watch?v=L1QOh-n-eus,2026-02-09T21:44:26.233169+00:00
youtube_6AkEAKtL7a8,youtube,6AkEAKtL7a8,5 minute sleep meditation,5 Minute Abundance Meditation: Favorite from Meditation Masters By Jason Stephenson,Jason Stephenson - Guided Sleep Meditation ,6,meditation,0.12,https://www.youtube.com/watch?v=6AkEAKtL7a8,2026-02-09T21:44:26.233195+00:00
youtube_2hA4Ff5E4zM,youtube,2hA4Ff5E4zM,asmr sleep,ASMR for Instant Tingles & Deep Sleep 😴 100% Guaranteed Relaxation,Celaine's ASMR,23,asmr,0.12,https://www.youtube.com/watch?v=2hA4Ff5E4zM,2026-02-09T21:44:26.233225+00:00
youtube_ijO24Jg5CCs,youtube,ijO24Jg5CCs,asmr sleep,Click This If You Can't Sleep ASMR,Jojo's ASMR,58,asmr,0.12,https://www.youtube.com/watch?v=ijO24Jg5CCs,2026-02-09T21:44:26.233247+00:00
youtube_3jkO5ZC0pJI,youtube,3jkO5ZC0pJI,asmr sleep,Only Click This ASMR When You're Ready To Sleep 😴 (Follow My Instructions),asmr girl,22,asmr,0.12,https://www.youtube.com/watch?v=3jkO5ZC0pJI,2026-02-09T21:44:26.397419+00:00
youtube_pJMJJ7JS2Rc,youtube,pJMJJ7JS2Rc,asmr sleep,"ASMR Pampering You Back To Sleep 💤 (personal attention, skincare, scalp massage)",Safe Space ASMR,35,asmr,0.12,https://www.youtube.com/watch?v=pJMJJ7JS2Rc,2026-02-09T21:44:26.397467+00:00
youtube_IFIDmHiRjyw,youtube,IFIDmHiRjyw,asmr sleep,This ASMR Is The Perfect Recipe For Sleep😴 Eyes Closed Halfway ,ASMR Berlin,37,asmr,0.12,https://www.youtube.com/watch?v=IFIDmHiRjyw,2026-02-09T21:44:26.397528+00:00
youtube_UmQZqIEpIi4,youtube,UmQZqIEpIi4,asmr sleep,"1 HOUR of Gentle ASMR for Sleep 💙💤 (whispers, tapping, trigger assortment)",Sarah Lavender ASMR,60,asmr,0.12,https://www.youtube.com/watch?v=UmQZqIEpIi4,2026-02-09T21:44:26.397556+00:00
youtube_j2b-erb_Oy4,youtube,j2b-erb_Oy4,asmr sleep,Gentle Examination for Deep Sleep | Soothing Sleep Techniques,Gentle Whispering ASMR,35,asmr,0.12,https://www.youtube.com/watch?v=j2b-erb_Oy4,2026-02-09T21:44:26.397581+00:00
youtube_SCEl5D_p6LU,youtube,SCEl5D_p6LU,asmr sleep,ASMR For Sleepy Sleep That Sleeps Sleepily 💛💤🦀,Luna Bloom ASMR,33,asmr,0.12,https://www.youtube.com/watch?v=SCEl5D_p6LU,2026-02-09T21:44:26.397594+00:00
youtube_VO9WSnT4XAc,youtube,VO9WSnT4XAc,asmr sleep,ASMR Sensitive Mouth Sounds That Will Tingle Your Brain,Dong ASMR,56,asmr,0.12,https://www.youtube.com/watch?v=VO9WSnT4XAc,2026-02-09T21:44:26.397616+00:00
youtube_CB_g47q-08g,youtube,CB_g47q-08g,asmr no talking sleep,ASMR for People Who Need DEEP SLEEP (No Talking),ASMR Bakery,43,asmr,0.12,https://www.youtube.com/watch?v=CB_g47q-08g,2026-02-09T21:44:26.397632+00:00
youtube_lqdImXMeqnE,youtube,lqdImXMeqnE,asmr no talking sleep,ASMR No talking triggers for sweet sleep 😴💖 #asmrvideo #relax #tingles #asmr #asmrtriggers,Kaitlyn Fall Asmr 😌💤 ,2,asmr,0.12,https://www.youtube.com/watch?v=lqdImXMeqnE,2026-02-09T21:44:26.397643+00:00
youtube_QTkFSX1Y5lY,youtube,QTkFSX1Y5lY,asmr no talking sleep,ASMR Full Body Tingles That Melt You Into Sleep (No Talking),ASMR Bakery,56,asmr,0.12,https://www.youtube.com/watch?v=QTkFSX1Y5lY,2026-02-09T21:44:26.397670+00:00
youtube_M_duAaIWn08,youtube,M_duAaIWn08,asmr no talking sleep,ASMR Making You Blink… Then Sleep (No Talking),ASMR Bakery,38,asmr,0.12,https://www.youtube.com/watch?v=M_duAaIWn08,2026-02-09T21:44:26.397690+00:00
youtube_A312nHBwk1E,youtube,A312nHBwk1E,asmr no talking sleep,ASMR Putting You to Sleep (No Talking),ASMR Bakery,60,asmr,0.12,https://www.youtube.com/watch?v=A312nHBwk1E,2026-02-09T21:44:26.397706+00:00
youtube__0lf-5aDuf8,youtube,_0lf-5aDuf8,soft spoken asmr sleep,ASMR Guided Sleep Meditation 💖 Deep Rest & Anxiety Relief,tiny hands ASMR,54,asmr,0.12,https://www.youtube.com/watch?v=_0lf-5aDuf8,2026-02-09T21:44:26.397735+00:00
youtube_YZFqWIBkss0,youtube,YZFqWIBkss0,soft spoken asmr sleep,ASMR 🌺 Sleepy Pleasures 🌺 Soft Spoken,Gentle Whispering ASMR,28,asmr,0.12,https://www.youtube.com/watch?v=YZFqWIBkss0,2026-02-09T21:44:26.397765+00:00
youtube_c8RaggiYnGU,youtube,c8RaggiYnGU,soft spoken asmr sleep,"Creating Your Perfect Relaxation Appointment Together | Questionnaire ASMR, Soft Spoken for Sleep",Musing Mira ASMR,35,asmr,0.12,https://www.youtube.com/watch?v=c8RaggiYnGU,2026-02-09T21:44:26.397783+00:00
youtube_-0skIp8SmSc,youtube,-0skIp8SmSc,soft spoken asmr sleep,ASMR Sleep Hypnosis | Soft Spoken Guided Sleep,Presley ASMR,21,asmr,0.12,https://www.youtube.com/watch?v=-0skIp8SmSc,2026-02-09T21:44:26.397794+00:00
youtube_NzXfEF5odD0,youtube,NzXfEF5odD0,soft spoken asmr sleep,"ASMR sleep clinic ~ soft spoken & whisper (guided meditation, follow instructions, object triggers)",cait ASMR,22,asmr,0.12,https://www.youtube.com/watch?v=NzXfEF5odD0,2026-02-09T21:44:26.397803+00:00
youtube_VVp6DPfdDhI,youtube,VVp6DPfdDhI,soft spoken asmr sleep,✨ VERY SLOW ✨ soft spoken reading to put you to sleep | ASMR [ some book tapping and scratching],Its_Bunnii ASMR,43,asmr,0.12,https://www.youtube.com/watch?v=VVp6DPfdDhI,2026-02-09T21:44:26.397819+00:00
youtube_xy5YTYwpXco,youtube,xy5YTYwpXco,soft spoken asmr sleep,Manipulating The Non-Subscribers (Hypnosis) | Soft Spoken ASMR,Soft Seraphina ASMR,18,asmr,0.12,https://www.youtube.com/watch?v=xy5YTYwpXco,2026-02-09T21:44:26.397831+00:00
youtube_yD2VolA4Fnw,youtube,yD2VolA4Fnw,soft spoken asmr sleep,[ASMR] A Powerful Guided Meditation for Deep Sleep (soft spoken & gentle music),ASMR Treasury,38,asmr,0.12,https://www.youtube.com/watch?v=yD2VolA4Fnw,2026-02-09T21:44:26.397859+00:00
youtube_1nDsIgzC1wQ,youtube,1nDsIgzC1wQ,soft spoken asmr sleep,ASMR Sleep Expert Helps You Relax ⭐ Soft Spoken ,Morika ASMR,30,asmr,0.12,https://www.youtube.com/watch?v=1nDsIgzC1wQ,2026-02-09T21:44:26.397871+00:00
youtube_bzuCdAgz4N8,youtube,bzuCdAgz4N8,soft spoken asmr sleep,ASMR Russian Teacher Home Visit 📚 Soft Spoken Comfort for a Sick Student,Lizi ASMR,20,asmr,0.12,https://www.youtube.com/watch?v=bzuCdAgz4N8,2026-02-09T21:44:26.397905+00:00
youtube_gBdmYUswyuI,youtube,gBdmYUswyuI,soft spoken asmr sleep,"Sleep-Inducing Haircut | Natural Styling, Soft Spoken into Whisper",Gentle Whispering ASMR,32,asmr,0.12,https://www.youtube.com/watch?v=gBdmYUswyuI,2026-02-09T21:44:26.397928+00:00
youtube_hNYOhBNZE2E,youtube,hNYOhBNZE2E,soft spoken asmr sleep,Sleep Doctor Exam ☆ ASMR ☆ Soft Spoken,Gentle Whispering ASMR,37,asmr,0.12,https://www.youtube.com/watch?v=hNYOhBNZE2E,2026-02-09T21:44:26.397957+00:00
youtube_lZiIkTQGkzQ,youtube,lZiIkTQGkzQ,soft spoken asmr sleep,the ULTIMATE Comforting CLOWN Café 🤡 Soft Spoken ASMR for Sleep Relaxation Healing your Coulrophobia,Pure Honey ASMR,21,asmr,0.12,https://www.youtube.com/watch?v=lZiIkTQGkzQ,2026-02-09T21:44:26.397966+00:00
youtube_EmZWoy5BfOY,youtube,EmZWoy5BfOY,soft spoken asmr sleep,"Soft Spoken Bowls Meditation for Overthinking & Anxiety 🌟 ASMR, Qi Sounds, Calm Your Mind & Sleep",WhispersRed ASMR,57,asmr,0.12,https://www.youtube.com/watch?v=EmZWoy5BfOY,2026-02-09T21:44:26.582232+00:00
youtube_Cbb0H-hzhxg,youtube,Cbb0H-hzhxg,soft spoken asmr sleep,ASMR - Sleep Clinic Consultation Roleplay - Softly Spoken,Amuse Asmr,31,asmr,0.12,https://www.youtube.com/watch?v=Cbb0H-hzhxg,2026-02-09T21:44:26.582271+00:00
youtube_HTIUG98k1Hw,youtube,HTIUG98k1Hw,soft spoken asmr sleep,ASMR Sleep Clinic 💤 Soft Spoken Personal Attention ,baitu asmr ,30,asmr,0.12,https://www.youtube.com/watch?v=HTIUG98k1Hw,2026-02-09T21:44:26.582310+00:00
youtube_piya8xt03JY,youtube,piya8xt03JY,soft spoken asmr sleep,Eyes Closed ASMR For Sleep 😴,cait ASMR,27,asmr,0.12,https://www.youtube.com/watch?v=piya8xt03JY,2026-02-09T21:44:26.582375+00:00
youtube_AKWB72dsBdo,youtube,AKWB72dsBdo,soft spoken asmr sleep,"ASMR Teacher Role Play 👩🏻‍🏫Gentle, Soft Spoken, Intimate Classroom Sounds For Sleep 😴 📖",Anne ASMR,36,asmr,0.12,https://www.youtube.com/watch?v=AKWB72dsBdo,2026-02-09T21:44:26.582413+00:00
youtube_WN7hYl4FuwM,youtube,WN7hYl4FuwM,soft spoken asmr sleep,"ASMR Nervous System Reset 🌙 Soft Spoken Bedtime Meditation, Healing Your Anxious Mind and Body ✨",Creative Calm ASMR,55,asmr,0.12,https://www.youtube.com/watch?v=WN7hYl4FuwM,2026-02-09T21:44:26.582517+00:00
youtube_BVupSeAWIaw,youtube,BVupSeAWIaw,bedtime story for sleep,Animated Bedtime Story for Children with sleepy Animals ❄️  Nighty Night Circus Winter,TOP BEST APPS FOR KIDS,12,stories,0.18,https://www.youtube.com/watch?v=BVupSeAWIaw,2026-02-09T21:44:26.582627+00:00
youtube_f5IgT5BsL9o,youtube,f5IgT5BsL9o,bedtime story for sleep,The SLEEPY Silly Crocodile | Animated Bedtime Story For Kids,Koala Moon - Kids Bedtime Stories,24,stories,0.12,https://www.youtube.com/watch?v=f5IgT5BsL9o,2026-02-09T21:44:26.582738+00:00
youtube_Zu5EOcd-L4U,youtube,Zu5EOcd-L4U,bedtime story for sleep,🐭 Milo the Sleepy Mouse 🐭 Calming Bedtime Story for Kids with Relaxing Music,Snuggle,24,stories,0.12,https://www.youtube.com/watch?v=Zu5EOcd-L4U,2026-02-09T21:44:26.582809+00:00
youtube_fmZ54EaTlEk,youtube,fmZ54EaTlEk,bedtime story for sleep,🐤The Very Sleepy Duckling🐤The CUTEST Story for Sleep 💤💤💤,Snuggle,20,stories,0.12,https://www.youtube.com/watch?v=fmZ54EaTlEk,2026-02-09T21:44:26.582873+00:00
youtube_sDdfhvWXnvg,youtube,sDdfhvWXnvg,bedtime story for sleep,The Cat's New Pyjamas 🐱💤The COZIEST Sleepy Story 💤 Non-Stimulating CUTE Story for Kids,Snuggle,30,stories,0.12,https://www.youtube.com/watch?v=sDdfhvWXnvg,2026-02-09T21:44:26.582991+00:00
youtube_6Bc-HBcV7SE,youtube,6Bc-HBcV7SE,bedtime story for sleep,Nighty Night Farm Animals 🐑 the perfect bedtime story app for kids and toddlers with lullaby music,Fox & Sheep,6,stories,0.18,https://www.youtube.com/watch?v=6Bc-HBcV7SE,2026-02-09T21:44:26.583114+00:00
youtube_V4fBgXgxjjg,youtube,V4fBgXgxjjg,sleep story adults,Deep Sleep Story – Inspired Story for Adults to Sleep (Travels and Dreams #1),Jason Stephenson - Guided Sleep Meditation ,38,meditation,0.12,https://www.youtube.com/watch?v=V4fBgXgxjjg,2026-02-09T21:44:26.583246+00:00
youtube_oMwbXCdMhXc,youtube,oMwbXCdMhXc,sleep story adults,Bedtime Sleep Stories | 🔥 Lemuria The Lost Continent 🐒 | Sleep Story for Grown Ups | Edutainment,Soothing Pod - Bedtime Sleep Stories for Grown Ups,55,asmr,0.12,https://www.youtube.com/watch?v=oMwbXCdMhXc,2026-02-09T21:44:26.583356+00:00
youtube_PXiijMIvJns,youtube,PXiijMIvJns,calm bedtime story,Calm Sleep Stories | Jupiter and his Mighty Company with Alan Sklar,Calm,33,stories,0.12,https://www.youtube.com/watch?v=PXiijMIvJns,2026-02-09T21:44:26.829185+00:00
youtube_JcrcXtjRTTE,youtube,JcrcXtjRTTE,calm bedtime story,Calm Sleep Stories | The Nordland Night Train with Erik Braa,Calm,30,nature,0.12,https://www.youtube.com/watch?v=JcrcXtjRTTE,2026-02-09T21:44:26.829253+00:00
youtube_O4x9ssJ0jfM,youtube,O4x9ssJ0jfM,calm bedtime story,Calm Sleep Stories | Jerome Flynn's 'Sacred New Zealand',Calm,27,stories,0.12,https://www.youtube.com/watch?v=O4x9ssJ0jfM,2026-02-09T21:44:26.829316+00:00
youtube_5mGifCwig8I,youtube,5mGifCwig8I,calm bedtime story,Calm Sleep Stories | Stephen Fry's 'Blue Gold',Calm,25,stories,0.12,https://www.youtube.com/watch?v=5mGifCwig8I,2026-02-09T21:44:26.829409+00:00
youtube_L77IDc1kJBc,youtube,L77IDc1kJBc,calm bedtime story,Goodnight Ocean  🌊 THE ULTIMATE Calming Bedtime Stories for Babies and Toddlers with Relaxing Music,Bedtime Story Co,6,nature,0.12,https://www.youtube.com/watch?v=L77IDc1kJBc,2026-02-09T21:44:26.829471+00:00
youtube_c_Dz7A8ZkM8,youtube,c_Dz7A8ZkM8,calm bedtime story,Cozy Bedtime Story | A Foggy Day for Fudge | A Relaxing Sleepy Story,Get Sleepy,44,meditation,0.12,https://www.youtube.com/watch?v=c_Dz7A8ZkM8,2026-02-09T21:44:26.829522+00:00
youtube_PiV6O3Zh3dg,youtube,PiV6O3Zh3dg,calm bedtime story,Bedtime Sleep Stories | 🏠 Cozy Cottage by the Sea 🌊 | Relaxing Sleep Story for Grown Ups,Soothing Pod - Bedtime Sleep Stories for Grown Ups,42,asmr,0.12,https://www.youtube.com/watch?v=PiV6O3Zh3dg,2026-02-09T21:44:26.829614+00:00
youtube_zvFxdZ0NJC0,youtube,zvFxdZ0NJC0,sleep music no lyrics,Peaceful Night Soothing Deep Sleep Music (Calming Healing Music),Personal Power Sleep Serenity - Topic,31,meditation,0.12,https://www.youtube.com/watch?v=zvFxdZ0NJC0,2026-02-09T21:44:26.829737+00:00
youtube_CzVNX_fErcE,youtube,CzVNX_fErcE,sleep music no lyrics,"Coldplay - Soft Piano [sleep, study, relax, calm, chill, no mid-roll ads, instrumental]",Piano Pill ,32,music,0.12,https://www.youtube.com/watch?v=CzVNX_fErcE,2026-02-09T21:44:26.829830+00:00
youtube_m1MYLge2zqc,youtube,m1MYLge2zqc,piano sleep music,Soothing Relaxation: Relaxing Piano Music,Relaxing Music - Topic,47,music,0.24,https://www.youtube.com/watch?v=m1MYLge2zqc,2026-02-09T21:44:27.063554+00:00
youtube_lCOF9LN_Zxs,youtube,lCOF9LN_Zxs,piano sleep music,"Beautiful Piano Music, Vol. 1 | Relaxing Music for Focus, Sleep & Relaxation by Peder B. Helland",Soothing Relaxation,59,music,0.52,https://www.youtube.com/watch?v=lCOF9LN_Zxs,2026-02-09T21:44:27.063788+00:00
youtube_SqFniT-Oyt8,youtube,SqFniT-Oyt8,bedtime yoga 5 minutes,5 Minute Yoga for Sleep (Bedtime Yoga for Insomnia),Yoga With Bird,7,meditation,0.12,https://www.youtube.com/watch?v=SqFniT-Oyt8,2026-02-09T21:44:27.063896+00:00
youtube_WssC4WkmmW8,youtube,WssC4WkmmW8,bedtime yoga 5 minutes,5 MINUTE BEDTIME YOGA - Release Tension and Stress,Elevate With Emma,6,gentle_movement,0.24,https://www.youtube.com/watch?v=WssC4WkmmW8,2026-02-09T21:44:27.063984+00:00
youtube_gH1Wx6byvUo,youtube,gH1Wx6byvUo,bedtime yoga 5 minutes,5 min Morning Yoga Stretches in Bed,Yoga with Kassandra,7,meditation,0.12,https://www.youtube.com/watch?v=gH1Wx6byvUo,2026-02-09T21:44:27.064091+00:00
youtube_0n1auDl4bC8,youtube,0n1auDl4bC8,bedtime yoga 5 minutes,5 min Yoga For Bedtime - Yoga Stretch For DEEP SLEEP,Yoga with Kassandra,6,meditation,0.12,https://www.youtube.com/watch?v=0n1auDl4bC8,2026-02-09T21:44:27.064167+00:00
youtube_mYOSMRMtkyY,youtube,mYOSMRMtkyY,bedtime yoga 5 minutes,5 Minute Yoga In Bed | 30 Days Yoga,Yoga With Bird,6,gentle_movement,0.12,https://www.youtube.com/watch?v=mYOSMRMtkyY,2026-02-09T21:44:27.064329+00:00
youtube_p3EJuBxEjt0,youtube,p3EJuBxEjt0,bedtime yoga 5 minutes,8 Minute Evening Yoga - Wind Down & Chill Out Yoga,Yoga with Kassandra,9,meditation,0.12,https://www.youtube.com/watch?v=p3EJuBxEjt0,2026-02-09T21:44:27.064462+00:00
youtube_a_v_aGd7hwA,youtube,a_v_aGd7hwA,bedtime yoga 5 minutes,Wind Down Yoga | Quick 5-Minute Routine for Better Sleep,Man Flow Yoga,10,gentle_movement,0.12,https://www.youtube.com/watch?v=a_v_aGd7hwA,2026-02-09T21:44:27.064589+00:00
youtube_xP5j5U-h-jM,youtube,xP5j5U-h-jM,bedtime yoga 5 minutes,Yoga For Sleep ♥ Easy Bedtime Yoga | 5 Minute Miracle,Boho Beautiful Yoga,8,gentle_movement,0.12,https://www.youtube.com/watch?v=xP5j5U-h-jM,2026-02-09T21:44:27.064759+00:00
youtube_ni3_6Ts80k0,youtube,ni3_6Ts80k0,bedtime yoga 5 minutes,5 MIN RELAXING STRETCH BEFORE BED | Stretch Routine For Better Sleep - at home yoga stretches,SofaBar Fitness & Figure Skating,7,nature,0.12,https://www.youtube.com/watch?v=ni3_6Ts80k0,2026-02-09T21:44:27.064871+00:00
youtube_s_jYERBRq8A,youtube,s_jYERBRq8A,bedtime yoga 5 minutes,"5 Min. Quick Evening Stretch | Do THIS for Better Sleep | Full Body, No Talking",mobility by julia reppel,7,gentle_movement,0.12,https://www.youtube.com/watch?v=s_jYERBRq8A,2026-02-09T21:44:27.322130+00:00
youtube_p39GdEUxxAk,youtube,p39GdEUxxAk,bedtime yoga 5 minutes,5 Minute Yoga for Back Tension (6 Movements of the Spine),Yoga With Bird,6,meditation,0.12,https://www.youtube.com/watch?v=p39GdEUxxAk,2026-02-09T21:44:27.322176+00:00
youtube_z249iZ0uz3Q,youtube,z249iZ0uz3Q,bedtime yoga 5 minutes,5 Minute Bedtime Yoga | Melt Away Stress and Fall Asleep Fast,Black Yogi Nico Marie,7,meditation,0.12,https://www.youtube.com/watch?v=z249iZ0uz3Q,2026-02-09T21:44:27.322224+00:00
youtube_N7naQt9Ubco,youtube,N7naQt9Ubco,bedtime yoga 5 minutes,5 MINUTE BEDTIME YOGA - Release Tension and Stress,Elevate With Emma,6,gentle_movement,0.24,https://www.youtube.com/watch?v=N7naQt9Ubco,2026-02-09T21:44:27.322263+00:00
youtube_BDmdVNFZR6A,youtube,BDmdVNFZR6A,bedtime yoga 5 minutes,Bedtime Yoga | Yoga for Deep Sleep | 5 Minute Class,Lex Yoga,6,gentle_movement,0.18,https://www.youtube.com/watch?v=BDmdVNFZR6A,2026-02-09T21:44:27.322311+00:00
youtube_N8-KG1xSkfs,youtube,N8-KG1xSkfs,bedtime yoga 5 minutes,5 Min Bedtime Yoga Stretch for Beginners🌙 Wind Down & Relax (No Standing),RAMONI,6,gentle_movement,0.24,https://www.youtube.com/watch?v=N8-KG1xSkfs,2026-02-09T21:44:27.322340+00:00
youtube_CqUs9NFPgoE,youtube,CqUs9NFPgoE,bedtime yoga 5 minutes,Your Insomnia Ends Here with This Yoga,Breathe and Flow,6,nature,0.18,https://www.youtube.com/watch?v=CqUs9NFPgoE,2026-02-09T21:44:27.322383+00:00
youtube_FscDZp1L4Nw,youtube,FscDZp1L4Nw,bedtime yoga 5 minutes,5 Minute Before Bed Yoga,Candace Cabrera ,7,other,0.64,https://www.youtube.com/watch?v=FscDZp1L4Nw,2026-02-09T21:44:27.322416+00:00
youtube_FcZbcJx04Zg,youtube,FcZbcJx04Zg,bedtime yoga 5 minutes,5 Min Gentle Yoga for Relaxation (Beginner Friendly Yoga),Yoga With Bird,6,meditation,0.24,https://www.youtube.com/watch?v=FcZbcJx04Zg,2026-02-09T21:44:27.322471+00:00
youtube_7iBm75B7LeI,youtube,7iBm75B7LeI,bedtime yoga 5 minutes,STRETCH ROUTINE IN BED | morning & evening,Dayana Wang,7,gentle_movement,0.24,https://www.youtube.com/watch?v=7iBm75B7LeI,2026-02-09T21:44:27.322506+00:00
youtube_J93h_072d3M,youtube,J93h_072d3M,bedtime yoga 5 minutes,5 Min Everyday Yoga Full Body Stretch,Yoga With Bird,6,meditation,0.24,https://www.youtube.com/watch?v=J93h_072d3M,2026-02-09T21:44:27.322542+00:00
youtube_DTPooiWWlos,youtube,DTPooiWWlos,bedtime yoga 5 minutes,5 Minute Before Bed Stretching Routine for Better Sleep,Darwin Jose,8,gentle_movement,0.12,https://www.youtube.com/watch?v=DTPooiWWlos,2026-02-09T21:44:27.322598+00:00
youtube_gjsZrj3aJTk,youtube,gjsZrj3aJTk,bedtime yoga 5 minutes,5 Min Yoga Stretch - FEEL GOOD!,Yoga With Bird,6,gentle_movement,0.3,https://www.youtube.com/watch?v=gjsZrj3aJTk,2026-02-09T21:44:27.322674+00:00
youtube_5WWc88B0zdk,youtube,5WWc88B0zdk,bedtime yoga 5 minutes,🌙 Bedtime Yoga Stretch for Sleep and to Release Tension and Stress,Yoga With Bird,14,gentle_movement,0.12,https://www.youtube.com/watch?v=5WWc88B0zdk,2026-02-09T21:44:27.322736+00:00
youtube_63NdUQ2Bc9E,youtube,63NdUQ2Bc9E,bedtime yoga 5 minutes,5-Minute Bedtime Yoga to Calm Your Mind Before Sleep,Elevate With Emma,6,meditation,0.12,https://www.youtube.com/watch?v=63NdUQ2Bc9E,2026-02-09T21:44:27.322773+00:00
youtube_ekLJMzJWZU4,youtube,ekLJMzJWZU4,bedtime yoga 5 minutes,5 min Yoga for Neck Pain & Tension,Yoga with Kassandra,6,meditation,0.12,https://www.youtube.com/watch?v=ekLJMzJWZU4,2026-02-09T21:44:27.322801+00:00
youtube_BiWDsfZ3zbo,youtube,BiWDsfZ3zbo,gentle yoga before sleep,Wind Down Yoga   |  12-Minute Bedtime Yoga,Yoga With Adriene,13,gentle_movement,0.24,https://www.youtube.com/watch?v=BiWDsfZ3zbo,2026-02-09T21:44:27.322850+00:00
youtube_v7SN-d4qXx0,youtube,v7SN-d4qXx0,gentle yoga before sleep,Bedtime Yoga | 20 Minute Bedtime Yoga Practice | Yoga With Adriene,Yoga With Adriene,20,gentle_movement,0.24,https://www.youtube.com/watch?v=v7SN-d4qXx0,2026-02-09T21:44:27.322893+00:00
youtube_CLDHeV9OI5U,youtube,CLDHeV9OI5U,gentle yoga before sleep,10-Minute Bedtime Yoga,Yoga With Adriene,14,gentle_movement,0.3,https://www.youtube.com/watch?v=CLDHeV9OI5U,2026-02-09T21:44:27.322923+00:00
youtube_xen33SvMdJ0,youtube,xen33SvMdJ0,gentle yoga before sleep,15 min Gentle Bedtime Yoga for Beginners - Evening Yoga Stretch,Yoga with Kassandra,17,meditation,0.12,https://www.youtube.com/watch?v=xen33SvMdJ0,2026-02-09T21:44:27.322958+00:00
youtube_6XJhSa7g_rU,youtube,6XJhSa7g_rU,gentle yoga before sleep,15 Min Bedtime Yoga | Relaxing Yoga Before Bed,Charlie Follows,16,meditation,0.52,https://www.youtube.com/watch?v=6XJhSa7g_rU,2026-02-09T21:44:27.322982+00:00
youtube_1zINEDWwixo,youtube,1zINEDWwixo,gentle yoga before sleep,15 Minute Gentle Yoga for Deep Sleep - SLEEP THROUGHOUT THE NIGHT!,Yoga With Bird,16,meditation,0.12,https://www.youtube.com/watch?v=1zINEDWwixo,2026-02-09T21:44:27.323019+00:00
youtube_ChHxbJuUR9Q,youtube,ChHxbJuUR9Q,gentle yoga before sleep,10 min Evening Yoga Stretch - Bedtime Yoga for Beginners,Yoga with Kassandra,12,meditation,0.12,https://www.youtube.com/watch?v=ChHxbJuUR9Q,2026-02-09T21:44:27.323048+00:00
youtube_LI9upn4t9n8,youtube,LI9upn4t9n8,gentle yoga before sleep,7 Minute Bedtime Yoga - Yoga With Adriene,Yoga With Adriene,7,meditation,0.24,https://www.youtube.com/watch?v=LI9upn4t9n8,2026-02-09T21:44:27.323079+00:00
youtube_AZ-o2ak-zW8,youtube,AZ-o2ak-zW8,gentle yoga before sleep,15 min Bedtime Yoga – Day #5 (RELAXING YOGA STRETCHES BEFORE BED),Yoga with Kassandra,18,meditation,0.12,https://www.youtube.com/watch?v=AZ-o2ak-zW8,2026-02-09T21:44:27.323110+00:00
youtube_txasA5fOtGI,youtube,txasA5fOtGI,gentle yoga before sleep,Bedtime Yoga | Gentle Yoga With Deep Sleep Music To Relax & Unwind,Boho Beautiful Yoga,25,music,0.12,https://www.youtube.com/watch?v=txasA5fOtGI,2026-02-09T21:44:27.323147+00:00
youtube_5slgkQ_SmHw,youtube,5slgkQ_SmHw,gentle yoga before sleep,Gentle Yoga in Bed! | 30 Day Yoga Challenge 2022 | DAY 24,Yoga With Bird,8,meditation,0.24,https://www.youtube.com/watch?v=5slgkQ_SmHw,2026-02-09T21:44:27.323206+00:00
youtube_4TQsfBYCyKQ,youtube,4TQsfBYCyKQ,gentle yoga before sleep,Bedtime Yoga Stretch to Release Tension and Stress,Yoga With Bird,13,gentle_movement,0.12,https://www.youtube.com/watch?v=4TQsfBYCyKQ,2026-02-09T21:44:27.323259+00:00
youtube_TUFj6P_FdhU,youtube,TUFj6P_FdhU,gentle yoga before sleep,10 min Evening Yoga Stretch - Bedtime Yoga for Beginners,Yoga with Kassandra,13,meditation,0.12,https://www.youtube.com/watch?v=TUFj6P_FdhU,2026-02-09T21:44:27.323288+00:00
youtube_5Kfv13sGbZQ,youtube,5Kfv13sGbZQ,gentle yoga before sleep,10 Minute Evening Yoga for Better Sleep,Yoga With Bird,13,meditation,0.12,https://www.youtube.com/watch?v=5Kfv13sGbZQ,2026-02-09T21:44:27.323316+00:00
youtube_vdMdqZ6slpM,youtube,vdMdqZ6slpM,gentle yoga before sleep,30 min Bedtime Yoga For A Good Night's Rest - Beginner Evening Yoga,Yoga with Kassandra,34,meditation,0.12,https://www.youtube.com/watch?v=vdMdqZ6slpM,2026-02-09T21:44:27.323345+00:00
youtube_q-76wcHi9GM,youtube,q-76wcHi9GM,gentle yoga before sleep,BEDTIME Yoga Stretch - 10 min Beginner Yoga for Good Sleep,Yoga with Kassandra,12,meditation,0.12,https://www.youtube.com/watch?v=q-76wcHi9GM,2026-02-09T21:44:27.323384+00:00
youtube_gnougTneFJM,youtube,gnougTneFJM,gentle yoga before sleep,15 Min Bedtime Yoga for Relaxation and BETTER SLEEP!🌙,Yoga With Bird,16,gentle_movement,0.12,https://www.youtube.com/watch?v=gnougTneFJM,2026-02-09T21:44:27.323442+00:00
youtube_z3UA96-84MU,youtube,z3UA96-84MU,gentle yoga before sleep,30 min Bedtime Yin Yoga - Yin for Sleep NO PROPS,Yoga with Kassandra,35,meditation,0.12,https://www.youtube.com/watch?v=z3UA96-84MU,2026-02-09T21:44:27.323477+00:00
youtube_tZ7SxDjgucA,youtube,tZ7SxDjgucA,gentle yoga before sleep,20 Minute Restorative Yoga ( BEST Yoga for DEEP SLEEP ),Yoga With Bird,22,meditation,0.12,https://www.youtube.com/watch?v=tZ7SxDjgucA,2026-02-09T21:44:27.323512+00:00
youtube_P295KQMmkh8,youtube,P295KQMmkh8,gentle yoga before sleep,15 min Evening Yoga – Day #1 (YOGA FOR FLEXIBILITY AND RELAXATION),Yoga with Kassandra,18,meditation,0.12,https://www.youtube.com/watch?v=P295KQMmkh8,2026-02-09T21:44:27.323543+00:00
youtube_VGXPIaku7Z4,youtube,VGXPIaku7Z4,gentle yoga before sleep,Slow Flow Yoga For Better Sleep | 25 Min Calming Practice,Jess Yoga,26,gentle_movement,0.52,https://www.youtube.com/watch?v=VGXPIaku7Z4,2026-02-09T21:44:27.323602+00:00
youtube_QKqnhbrV6ms,youtube,QKqnhbrV6ms,gentle yoga before sleep,10 minute Bedtime Yoga IN BED | Relaxing Bedtime Yoga Routine,SarahBethYoga,10,nature,0.12,https://www.youtube.com/watch?v=QKqnhbrV6ms,2026-02-09T21:44:27.323655+00:00
youtube_FQsvQOqxR9A,youtube,FQsvQOqxR9A,yoga stretches for sleep,20 minute Bedtime Yoga Stretch | Full Body Yoga for All Levels,SarahBethYoga,21,gentle_movement,0.12,https://www.youtube.com/watch?v=FQsvQOqxR9A,2026-02-09T21:44:27.323709+00:00
youtube_CITLavso3m4,youtube,CITLavso3m4,yoga stretches for sleep,15 Minute Yoga For Deep Sleep | Yoga For Overall Health,Yoga With Bird,14,gentle_movement,0.12,https://www.youtube.com/watch?v=CITLavso3m4,2026-02-09T21:44:27.323817+00:00
youtube_WisaiUma9pA,youtube,WisaiUma9pA,yoga stretches for sleep,"Relaxing Yoga Stretch before bed // Unwind, Feel Better & Fall Asleep Fast",SeniorShape Fitness,17,gentle_movement,0.12,https://www.youtube.com/watch?v=WisaiUma9pA,2026-02-09T21:44:27.323864+00:00
youtube_cRo0ss2Kc3o,youtube,cRo0ss2Kc3o,yoga stretches for sleep,10 min Yoga IN BED - Bedtime Yoga Stretch for SLEEP,Yoga with Kassandra,13,meditation,0.12,https://www.youtube.com/watch?v=cRo0ss2Kc3o,2026-02-09T21:44:27.323891+00:00
youtube_5sKIdUn7lPU,youtube,5sKIdUn7lPU,yoga stretches for sleep,15 min Bedtime Yoga in Bed for Better Sleep | Tension relief to fall asleep,SarahBethYoga,16,nature,0.12,https://www.youtube.com/watch?v=5sKIdUn7lPU,2026-02-09T21:44:27.323973+00:00
youtube_8S4WOgXyQMo,youtube,8S4WOgXyQMo,yoga stretches for sleep,10 minute BEDTIME Yoga for Stress & Anxiety,SarahBethYoga,11,gentle_movement,0.12,https://www.youtube.com/watch?v=8S4WOgXyQMo,2026-02-09T21:44:27.324023+00:00
youtube_6JuhreAD-YY,youtube,6JuhreAD-YY,yoga stretches for sleep,20 minute Evening Yoga Stretch | Bedtime Yoga for Stress & Tension,SarahBethYoga,21,meditation,0.12,https://www.youtube.com/watch?v=6JuhreAD-YY,2026-02-09T21:44:27.324068+00:00
youtube_y0fms_yJwR0,youtube,y0fms_yJwR0,yoga stretches for sleep,"10 Min Evening Yoga Stretch l Melt Stress, Sleep Deep",Travis Eliot,13,meditation,0.12,https://www.youtube.com/watch?v=y0fms_yJwR0,2026-02-09T21:44:27.324094+00:00
youtube_RI5gOBeTqyE,youtube,RI5gOBeTqyE,yoga stretches for sleep,Yoga for Bedtime for More Restful Sleep,Breathe and Flow,15,nature,0.52,https://www.youtube.com/watch?v=RI5gOBeTqyE,2026-02-09T21:44:27.324146+00:00
youtube_TKObxC2t2vc,youtube,TKObxC2t2vc,yoga stretches for sleep,10 min BEDTIME YOGA STRETCH | Full Body Stretches To Release Muscle Tension Before Bed,Yoga with Uliana,11,gentle_movement,0.52,https://www.youtube.com/watch?v=TKObxC2t2vc,2026-02-09T21:44:27.442330+00:00
youtube_1LYvgUxkz9k,youtube,1LYvgUxkz9k,yoga stretches for sleep,Easy Bed Time Yoga for Deep Sleep & Less Anxiety | Breathe and Flow Yoga,Breathe and Flow,28,meditation,0.52,https://www.youtube.com/watch?v=1LYvgUxkz9k,2026-02-09T21:44:27.442442+00:00
youtube_NZVBXEi74hI,youtube,NZVBXEi74hI,yoga stretches for sleep,20 Min Bedtime Yoga to Release Stress & Tension,Yoga With Tim,20,gentle_movement,0.3,https://www.youtube.com/watch?v=NZVBXEi74hI,2026-02-09T21:44:27.442484+00:00
youtube_9MzbRDm-A24,youtube,9MzbRDm-A24,yoga stretches for sleep,10 min EVENING YOGA FLOW | Wrist Friendly | Relaxing Bedtime Stretch Routine,fitbymik,13,gentle_movement,0.24,https://www.youtube.com/watch?v=9MzbRDm-A24,2026-02-09T21:44:27.442570+00:00
youtube_5NhJd1PbXL4,youtube,5NhJd1PbXL4,yoga stretches for sleep,"Bedtime Yoga for Sleep, Anxiety and Stress",Yoga With Bird,20,meditation,0.12,https://www.youtube.com/watch?v=5NhJd1PbXL4,2026-02-09T21:44:27.442633+00:00
youtube_q003PKT1_Aw,youtube,q003PKT1_Aw,yoga stretches for sleep,Bedtime Yoga Stretch: Restorative Yoga for Winding Down & Deep Sleep,Sarah Wes,14,gentle_movement,0.58,https://www.youtube.com/watch?v=q003PKT1_Aw,2026-02-09T21:44:27.442688+00:00
youtube_6VDss0P4Y-Q,youtube,6VDss0P4Y-Q,lying down yoga sleep,Yin Yoga for Sleep - 10 min Deep Stretches in Bed,Yoga with Joelle,13,gentle_movement,0.12,https://www.youtube.com/watch?v=6VDss0P4Y-Q,2026-02-09T21:44:27.442822+00:00
youtube_c8q1QZ-ppVs,youtube,c8q1QZ-ppVs,lying down yoga sleep,10 min Beginner Yoga LYING DOWN (Supine Yoga on Your Back),Yoga with Joelle,12,meditation,0.24,https://www.youtube.com/watch?v=c8q1QZ-ppVs,2026-02-09T21:44:27.442900+00:00
youtube_sJ8aGq898DA,youtube,sJ8aGq898DA,lying down yoga sleep,10 Min Morning Yoga Stretches in Bed!,Yoga With Bird,10,meditation,0.24,https://www.youtube.com/watch?v=sJ8aGq898DA,2026-02-09T21:44:27.442970+00:00
youtube_Cu7ysrSDyUA,youtube,Cu7ysrSDyUA,lying down yoga sleep,Evening Yoga in Bed - Supine Yoga Sequence,Yoga With Bird,13,meditation,0.12,https://www.youtube.com/watch?v=Cu7ysrSDyUA,2026-02-09T21:44:27.443024+00:00
youtube_SrkTBWfZc3Q,youtube,SrkTBWfZc3Q,lying down yoga sleep,"Bedtime Yoga for a Deep Sleep, Stress and Anxiety",Faith Hunter,16,meditation,0.12,https://www.youtube.com/watch?v=SrkTBWfZc3Q,2026-02-09T21:44:27.443138+00:00
youtube_E9LVKL2pGmo,youtube,E9LVKL2pGmo,lying down yoga sleep,Yoga For A Relaxing Night's Sleep,Jess Yoga,11,other,0.52,https://www.youtube.com/watch?v=E9LVKL2pGmo,2026-02-09T21:44:27.443268+00:00
youtube_8mM5Oks8yZc,youtube,8mM5Oks8yZc,lying down yoga sleep,30 Minute Yoga Nidra For Deep Rest,Ally Boothroyd | Sarovara Yoga,32,meditation,0.12,https://www.youtube.com/watch?v=8mM5Oks8yZc,2026-02-09T21:44:27.443356+00:00
youtube_l9lh0QdyGxo,youtube,l9lh0QdyGxo,lying down yoga sleep,15 Min Relaxing Yoga for Lower Back Tension Relief,Yoga With Bird,15,gentle_movement,0.24,https://www.youtube.com/watch?v=l9lh0QdyGxo,2026-02-09T21:44:27.443492+00:00
youtube_fvv5PLI0Ut0,youtube,fvv5PLI0Ut0,lying down yoga sleep,8 min Bedtime Yoga in Bed | Stretches to Fall Asleep,SarahBethYoga,9,nature,0.12,https://www.youtube.com/watch?v=fvv5PLI0Ut0,2026-02-09T21:44:27.443652+00:00
